song_id,cluster,date,y_true,y_pred,y_cf,effect
1010,4,2024-06-18,359080,3957804.1795306224,3957804.1795306224,-3598724.1795306224
1010,4,2024-06-19,443056,4263646.303519869,4263646.303519869,-3820590.303519869
1010,4,2024-06-20,1050391,4344035.569180319,4344035.569180319,-3293644.569180319
1010,4,2024-06-21,1622877,4856843.899208828,4856843.899208828,-3233966.899208828
1010,4,2024-06-22,2156815,5338194.32264453,5338194.32264453,-3181379.32264453
1010,4,2024-06-23,2692634,5785644.587798797,5785644.587798797,-3093010.5877987966
1010,4,2024-06-24,3193205,6240121.911474443,6240121.911474443,-3046916.911474443
1010,4,2024-06-25,3735905,6696643.17539406,6696643.17539406,-2960738.17539406
1010,4,2024-06-26,4209058,7133304.319861688,7133304.319861688,-2924246.3198616877
1010,4,2024-06-27,4718076,7589532.745628493,7589532.745628493,-2871456.745628493
1010,4,2024-06-28,5264278,8027144.581111059,8027144.581111059,-2762866.5811110586
1010,4,2024-06-29,5795502,8490812.306066163,8490812.306066163,-2695310.306066163
1010,4,2024-06-30,6326558,8947101.61922059,8947101.61922059,-2620543.61922059
1010,4,2024-07-01,6809389,9406276.126419451,9406276.126419451,-2596887.126419453
1010,4,2024-07-02,7260320,9846387.300686302,9846387.300686302,-2586067.3006863017
1010,4,2024-07-03,7762589,10218303.188281693,10218303.188281693,-2455714.188281693
1010,4,2024-07-04,8231200,10697680.731827874,10697680.731827874,-2466480.7318278737
1010,4,2024-07-05,8696919,11114358.465210702,11114358.465210702,-2417439.4652107023
1010,4,2024-07-06,9136529,11520063.29935918,11520063.29935918,-2383534.29935918
1010,4,2024-07-07,9566864,11913418.244499814,11913418.244499814,-2346554.2444998138
1010,4,2024-07-08,9975201,12287640.112399464,12287640.112399464,-2312439.1123994626
1010,4,2024-07-09,10369396,12672381.879895134,12672381.879895134,-2302985.879895134
1010,4,2024-07-10,10780415,13009660.985472525,13009660.985472525,-2229245.9854725227
1010,4,2024-07-11,11185792,13404798.718473608,13404798.718473608,-2219006.7184736077
1010,4,2024-07-12,11610827,13771593.386525871,13771593.386525871,-2160766.386525873
1010,4,2024-07-13,12011605,14147525.267162904,14147525.267162904,-2135920.267162904
1010,4,2024-07-14,12423071,14508262.825029168,14508262.825029168,-2085191.8250291685
1010,4,2024-07-15,12423071,14790272.472879926,14790272.472879926,-2367201.4728799257
1010,4,2024-07-16,13176292,14898581.434710316,14898581.434710316,-1722289.4347103164
1010,4,2024-07-17,13538460,15539142.417457577,15539142.417457577,-2000682.4174575768
1010,4,2024-07-18,13890465,15889841.611447798,15889841.611447798,-1999376.611447798
1010,4,2024-07-19,14260518,16217001.194021434,16217001.194021434,-1956483.1940214336
1010,4,2024-07-20,14587166,16545916.66473161,16545916.66473161,-1958750.6647316103
1010,4,2024-07-21,14894617,16845991.492397718,16845991.492397718,-1951374.492397718
1010,4,2024-07-22,15183097,17086019.69328259,17086019.69328259,-1902922.6932825893
1010,4,2024-07-23,15446311,17434329.76102543,17434329.76102543,-1988018.7610254288
1010,4,2024-07-24,15734370,17646636.021125227,17646636.021125227,-1912266.0211252272
1010,4,2024-07-25,16029253,17927136.797817923,17927136.797817923,-1897883.7978179231
1010,4,2024-07-26,16310070,18208404.586212292,18208404.586212292,-1898334.5862122923
1010,4,2024-07-27,16586795,18457931.622283943,18457931.622283943,-1871136.622283943
1010,4,2024-07-28,16860271,18721658.03020633,18721658.03020633,-1861387.03020633
1010,4,2024-07-29,17105475,18946465.145834673,18946465.145834673,-1840990.1458346732
1010,4,2024-07-30,17349051,19222394.445702925,19222394.445702925,-1873343.445702925
1010,4,2024-07-31,17619624,19432670.955543894,19432670.955543894,-1813046.9555438943
1010,4,2024-08-01,17894099,19699641.327576403,19699641.327576403,-1805542.3275764023
1010,4,2024-08-02,18159758,19955064.47898259,19955064.47898259,-1795306.478982594
1010,4,2024-08-03,18432028,20198307.16662872,20198307.16662872,-1766279.166628722
1010,4,2024-08-04,18701836,20453427.87902317,20453427.87902317,-1751591.8790231682
1010,4,2024-08-05,18951256,20681755.632326845,20681755.632326845,-1730499.632326845
1010,4,2024-08-06,19202510,20952344.755923174,20952344.755923174,-1749834.755923178
1010,4,2024-08-07,19457540,21173276.842629135,21173276.842629135,-1715736.842629135
1010,4,2024-08-08,19724592,21424109.15704161,21424109.15704161,-1699517.1570416056
1010,4,2024-08-09,19987923,21662233.476014186,21662233.476014186,-1674310.4760141857
1010,4,2024-08-10,20247161,21902882.7354772,21902882.7354772,-1655721.735477198
1010,4,2024-08-11,20506315,22155792.01232064,22155792.01232064,-1649477.0123206377
1010,4,2024-08-12,20754773,22381604.30423834,22381604.30423834,-1626831.3042383415
1010,4,2024-08-13,20987396,22642708.61765129,22642708.61765129,-1655312.6176512912
1010,4,2024-08-14,21227322,22852142.545031168,22852142.545031168,-1624820.5450311676
1010,4,2024-08-15,21478568,23083754.356677767,23083754.356677767,-1605186.356677767
1010,4,2024-08-16,21721522,23325453.829685263,23325453.829685263,-1603931.829685263
1010,4,2024-08-17,21962689,23553555.276653897,23553555.276653897,-1590866.276653897
1010,4,2024-08-18,22203578,23774958.35930591,23774958.35930591,-1571380.3593059145
1010,4,2024-08-19,22435001,23991472.990931273,23991472.990931273,-1556471.9909312725
1010,4,2024-08-20,22659178,24225476.567439873,24225476.567439873,-1566298.5674398728
1010,4,2024-08-21,22898141,24434683.421537023,24434683.421537023,-1536542.421537023
1010,4,2024-08-22,23134425,24669029.10824815,24669029.10824815,-1534604.1082481518
1010,4,2024-08-23,23368316,24894184.83556412,24894184.83556412,-1525868.8355641216
1010,4,2024-08-24,23598927,25113357.93474166,25113357.93474166,-1514430.934741661
1010,4,2024-08-25,23832077,25331140.389606062,25331140.389606062,-1499063.3896060623
1010,4,2024-08-26,24057209,25541386.812767994,25541386.812767994,-1484177.8127679937
1010,4,2024-08-27,24279145,25772977.53692017,25772977.53692017,-1493832.5369201712
1010,4,2024-08-28,24515733,25975885.25193424,25975885.25193424,-1460152.2519342415
1010,4,2024-08-29,24757115,26208216.999883022,26208216.999883022,-1451101.9998830222
1010,4,2024-08-30,24985571,26436618.772881515,26436618.772881515,-1451047.772881515
1010,4,2024-08-31,25213212,26651674.65511038,26651674.65511038,-1438462.6551103815
1010,4,2024-09-01,25439964,26871233.9109449,26871233.9109449,-1431269.9109449014
1010,4,2024-09-02,25647827,27077106.63243708,27077106.63243708,-1429279.63243708
1010,4,2024-09-03,25860932,27289110.021907203,27289110.021907203,-1428178.021907203
1010,4,2024-09-04,26081477,27490956.85163692,27490956.85163692,-1409479.85163692
1010,4,2024-09-05,26316825,27705461.53928344,27705461.53928344,-1388636.5392834395
1010,4,2024-09-06,26566956,27927352.205976818,27927352.205976818,-1360396.2059768178
1010,4,2024-09-07,26804630,28163402.448908713,28163402.448908713,-1358772.4489087127
1010,4,2024-09-08,27042399,28387285.246474255,28387285.246474255,-1344886.2464742549
1010,4,2024-09-09,27259980,28602241.91563057,28602241.91563057,-1342261.9156305715
1010,4,2024-09-10,27472785,28821170.39862683,28821170.39862683,-1348385.3986268304
1010,4,2024-09-11,27686771,29024613.35252962,29024613.35252962,-1337842.352529619
1010,4,2024-09-12,27901496,29229718.51655149,29229718.51655149,-1328222.5165514909
1010,4,2024-09-13,28111329,29442745.581807066,29442745.581807066,-1331416.581807062
1010,4,2024-09-14,28327380,29640751.358559612,29640751.358559612,-1313371.3585596122
1010,4,2024-09-15,28537580,29849558.531514622,29849558.531514622,-1311978.5315146225
1010,4,2024-09-16,28743631,30037661.507814463,30037661.507814463,-1294030.5078144632
1010,4,2024-09-17,28941751,30243152.83482036,30243152.83482036,-1301401.83482036
1010,4,2024-09-18,29137327,30432831.640873916,30432831.640873916,-1295504.6408739164
1010,4,2024-09-19,29326932,30624383.56835224,30624383.56835224,-1297451.568352241
1010,4,2024-09-20,29518771,30808728.003817897,30808728.003817897,-1289957.0038178936
1010,4,2024-09-21,29714882,30995322.135721963,30995322.135721963,-1280440.135721963
1010,4,2024-09-22,29899405,31181815.118783295,31181815.118783295,-1282410.1187832952
1010,4,2024-09-23,30088152,31351764.526929,31351764.526929,-1263612.5269289983
1010,4,2024-09-24,30272105,31540609.267900575,31540609.267900575,-1268504.267900575
1010,4,2024-09-25,30454339,31718697.317150775,31718697.317150775,-1264358.317150775
1517,1,2023-01-02,86304,2419.9483283511695,2419.9483283511695,83884.05167164883
1517,1,2023-01-03,113030,83642.5170523631,83642.5170523631,29387.482947636905
1517,1,2023-01-04,127145,108956.49389789572,108956.49389789572,18188.50610210428
1517,1,2023-01-05,135670,122361.94733495275,122361.94733495275,13308.052665047231
1517,1,2023-01-06,140893,130192.1912535656,130192.1912535656,10700.8087464344
1517,1,2023-01-07,143886,135528.46061986577,135528.46061986577,8357.539380134229
1517,1,2023-01-08,169160,138621.49329594203,138621.49329594203,30538.506704057974
1517,1,2023-01-09,192696,162925.39766021018,162925.39766021018,29770.602339789824
1517,1,2023-01-10,213924,184867.1111570741,184867.1111570741,29056.888842925895
1517,1,2023-01-11,235152,204878.9939340516,204878.9939340516,30273.0060659484
1517,1,2023-01-12,256380,224953.3447277141,224953.3447277141,31426.65527228589
1517,1,2023-01-13,281456,244700.92482975597,244700.92482975597,36755.07517024403
1517,1,2023-01-14,307705,268706.97952521115,268706.97952521115,38998.02047478885
1517,1,2023-01-15,334295,293704.66835990845,293704.66835990845,40590.33164009155
1517,1,2023-01-16,355295,318485.6612013308,318485.6612013308,36809.338798669225
1517,1,2023-01-17,376201,338511.3657594819,338511.3657594819,37689.63424051809
1517,1,2023-01-18,396751,358139.4242894588,358139.4242894588,38611.57571054122
1517,1,2023-01-19,417617,377859.3609696137,377859.3609696137,39757.639030386286
1517,1,2023-01-20,436067,397721.0310904097,397721.0310904097,38345.96890959027
1517,1,2023-01-21,454516,415505.31178262946,415505.31178262946,39010.68821737054
1517,1,2023-01-22,470311,433099.82702064223,433099.82702064223,37211.17297935777
1517,1,2023-01-23,486105,447462.8869484016,447462.8869484016,38642.11305159837
1517,1,2023-01-24,498530,462705.6834091494,462705.6834091494,35824.31659085059
1517,1,2023-01-25,512175,474481.594450317,474481.594450317,37693.405549683026
1517,1,2023-01-26,526180,487522.4895239643,487522.4895239643,38657.51047603565
1517,1,2023-01-27,539224,500607.4070737582,500607.4070737582,38616.59292624181
1517,1,2023-01-28,552267,513203.9740986437,513203.9740986437,39063.025901356305
1517,1,2023-01-29,562198,525296.9769022325,525296.9769022325,36901.023097767495
1517,1,2023-01-30,570201,534977.428132436,534977.428132436,35223.571867563995
1517,1,2023-01-31,576348,542435.0709094659,542435.0709094659,33912.929090534104
1517,1,2023-02-01,583514,548444.1807205452,548444.1807205452,35069.819279454765
1517,1,2023-02-02,590219,555368.9018116889,555368.9018116889,34850.098188311094
1517,1,2023-02-03,596923,561959.5819559308,561959.5819559308,34963.4180440692
1517,1,2023-02-04,603495,568560.4615814779,568560.4615814779,34934.538418522105
1517,1,2023-02-05,609620,574848.4892862986,574848.4892862986,34771.51071370137
1517,1,2023-02-06,614974,580739.2879780914,580739.2879780914,34234.71202190861
1517,1,2023-02-07,620279,585849.5957250787,585849.5957250787,34429.40427492128
1517,1,2023-02-08,626102,591453.9993508703,591453.9993508703,34648.00064912974
1517,1,2023-02-09,632564,597065.75315329,597065.75315329,35498.24684670998
1517,1,2023-02-10,639045,603323.4813943321,603323.4813943321,35721.518605667865
1517,1,2023-02-11,645135,609965.7825362661,609965.7825362661,35169.21746373386
1517,1,2023-02-12,651298,616020.9557200774,616020.9557200774,35277.044279922615
1517,1,2023-02-13,657519,622022.639056801,622022.639056801,35496.36094319902
1517,1,2023-02-14,663813,627420.145015408,627420.145015408,36392.85498459195
1517,1,2023-02-15,670718,634375.6563428215,634375.6563428215,36342.343657178455
1517,1,2023-02-16,677623,641379.231692128,641379.231692128,36243.768307872
1517,1,2023-02-17,683931,648095.0909592432,648095.0909592432,35835.90904075676
1517,1,2023-02-18,690129,653997.0180745829,653997.0180745829,36131.98192541709
1517,1,2023-02-19,695644,660072.9848052452,660072.9848052452,35571.015194754815
1517,1,2023-02-20,701102,665238.9317464766,665238.9317464766,35863.06825352344
1517,1,2023-02-21,706714,670773.160458662,670773.160458662,35940.839541338035
1517,1,2023-02-22,714040,676267.306460732,676267.306460732,37772.69353926799
1517,1,2023-02-23,720672,683616.0723088057,683616.0723088057,37055.927691194345
1517,1,2023-02-24,726623,689942.5754317641,689942.5754317641,36680.424568235874
1517,1,2023-02-25,732574,695738.3116169375,695738.3116169375,36835.68838306249
1517,1,2023-02-26,738525,701528.8236552262,701528.8236552262,36996.17634477385
1517,1,2023-02-27,744491,707063.5044447996,707063.5044447996,37427.49555520038
1517,1,2023-02-28,750458,713142.6067825685,713142.6067825685,37315.3932174315
1517,1,2023-03-01,756424,719146.1067493999,719146.1067493999,37277.893250600086
1517,1,2023-03-02,762344,724927.6202157278,724927.6202157278,37416.37978427217
1517,1,2023-03-03,768263,730587.6321177302,730587.6321177302,37675.367882269784
1517,1,2023-03-04,774183,736551.2909646383,736551.2909646383,37631.70903536165
1517,1,2023-03-05,779212,742382.9812564598,742382.9812564598,36829.01874354016
1517,1,2023-03-06,784090,747355.5783576474,747355.5783576474,36734.421642352594
1517,1,2023-03-07,789504,752073.1739914068,752073.1739914068,37430.8260085932
1517,1,2023-03-08,794917,757397.9899624577,757397.9899624577,37519.01003754232
1517,1,2023-03-09,800403,762716.1775810983,762716.1775810983,37686.82241890172
1517,1,2023-03-10,805914,768188.9195551148,768188.9195551148,37725.080444885185
1517,1,2023-03-11,811424,773604.1519356641,773604.1519356641,37819.84806433588
1517,1,2023-03-12,816217,778830.4889837517,778830.4889837517,37386.51101624826
1517,1,2023-03-13,821010,783665.4365004691,783665.4365004691,37344.563499530894
1517,1,2023-03-14,825788,788449.933705349,788449.933705349,37338.06629465101
1517,1,2023-03-15,830861,793053.3999813983,793053.3999813983,37807.60001860175
1517,1,2023-03-16,836063,798177.5115836404,798177.5115836404,37885.48841635964
1517,1,2023-03-17,841424,803056.3506742273,803056.3506742273,38367.649325772654
1517,1,2023-03-18,846387,808535.5734853342,808535.5734853342,37851.42651466583
1517,1,2023-03-19,851153,813424.0791288665,813424.0791288665,37728.92087113345
1517,1,2023-03-20,855455,818085.6306139902,818085.6306139902,37369.36938600976
1517,1,2023-03-21,859757,822410.1531493508,822410.1531493508,37346.84685064922
1517,1,2023-03-22,864524,826618.3563427858,826618.3563427858,37905.64365721424
1517,1,2023-03-23,869478,831340.5635719453,831340.5635719453,38137.4364280547
1517,1,2023-03-24,874127,836341.5357700087,836341.5357700087,37785.46422999131
1517,1,2023-03-25,878512,840885.4674435963,840885.4674435963,37626.53255640366
1517,1,2023-03-26,882450,845226.8078879685,845226.8078879685,37223.19211203151
1517,1,2023-03-27,886387,849135.0329432756,849135.0329432756,37251.96705672436
1517,1,2023-03-28,890152,853161.718879926,853161.718879926,36990.28112007398
1517,1,2023-03-29,893916,856907.7144219284,856907.7144219284,37008.285578071605
1517,1,2023-03-30,897681,860690.1706369825,860690.1706369825,36990.82936301746
1517,1,2023-03-31,901789,864431.7528960186,864431.7528960186,37357.24710398144
1517,1,2023-04-01,906042,868549.1540019359,868549.1540019359,37492.84599806415
1517,1,2023-04-02,909988,872704.8224381426,872704.8224381426,37283.17756185739
1517,1,2023-04-03,913933,876679.336853633,876679.336853633,37253.66314636695
1517,1,2023-04-04,917968,880484.570057356,880484.570057356,37483.42994264397
1517,1,2023-04-05,922002,884490.5680724386,884490.5680724386,37511.43192756141
1517,1,2023-04-06,926164,888470.100371565,888470.100371565,37693.89962843503
1517,1,2023-04-07,930520,892646.2688122095,892646.2688122095,37873.73118779051
1517,1,2023-04-08,934876,896993.4304300832,896993.4304300832,37882.56956991681
1517,1,2023-04-09,938822,901291.9595951036,901291.9595951036,37530.04040489625
1517,1,2023-04-10,941402,905228.8810719074,905228.8810719074,36173.11892809265
1517,1,2023-04-11,943981,907867.7044405172,907867.7044405172,36113.295559482765
1557,1,2023-01-02,75416,1660.3236889522077,1660.3236889522077,73755.67631104779
1557,1,2023-01-03,98999,69876.73134383836,69876.73134383836,29122.268656161643
1557,1,2023-01-04,111607,91263.82507000088,91263.82507000088,20343.17492999912
1557,1,2023-01-05,119353,102845.6164813128,102845.6164813128,16507.383518687187
1557,1,2023-01-06,124229,109890.5300316678,109890.5300316678,14338.46996833221
1557,1,2023-01-07,127168,114517.63811159288,114517.63811159288,12650.361888407131
1557,1,2023-01-08,144974,117461.387310293,117461.387310293,27512.612689707006
1557,1,2023-01-09,159635,133289.10919606232,133289.10919606232,26345.890803937684
1557,1,2023-01-10,172251,146856.76228860242,146856.76228860242,25394.23771139758
1557,1,2023-01-11,184867,158391.08126376264,158391.08126376264,26475.918736237363
1557,1,2023-01-12,197483,170000.61777291007,170000.61777291007,27482.382227089925
1557,1,2023-01-13,209410,181447.8563645296,181447.8563645296,27962.14363547039
1557,1,2023-01-14,223907,192576.35856358035,192576.35856358035,31330.641436419653
1557,1,2023-01-15,239832,205818.28544217863,205818.28544217863,34013.71455782134
1557,1,2023-01-16,252272,220205.0738706125,220205.0738706125,32066.926129387488
1557,1,2023-01-17,263532,231647.76527534815,231647.76527534815,31884.23472465182
1557,1,2023-01-18,274807,242021.62000138397,242021.62000138397,32785.37999861603
1557,1,2023-01-19,288545,252728.62800016336,252728.62800016336,35816.37199983664
1557,1,2023-01-20,301886,265084.36641699646,265084.36641699646,36801.63358300354
1557,1,2023-01-21,315227,277736.8013452487,277736.8013452487,37490.19865475129
1557,1,2023-01-22,325465,290263.2284555912,290263.2284555912,35201.77154440881
1557,1,2023-01-23,335703,299384.2520553685,299384.2520553685,36318.7479446315
1557,1,2023-01-24,342218,308948.56518051086,308948.56518051086,33269.434819489135
1557,1,2023-01-25,349609,315235.7626278325,315235.7626278325,34373.237372167525
1557,1,2023-01-26,356738,322327.80738739774,322327.80738739774,34410.19261260226
1557,1,2023-01-27,363431,329049.6026876151,329049.6026876151,34381.397312384914
1557,1,2023-01-28,370123,335469.10273003235,335469.10273003235,34653.89726996765
1557,1,2023-01-29,375643,341503.3129588315,341503.3129588315,34139.68704116851
1557,1,2023-01-30,380538,346948.1857806495,346948.1857806495,33589.81421935052
1557,1,2023-01-31,384948,351374.5941350879,351374.5941350879,33573.405864912085
1557,1,2023-02-01,390296,355535.7729123712,355535.7729123712,34760.227087628795
1557,1,2023-02-02,395144,360644.0504928245,360644.0504928245,34499.94950717548
1557,1,2023-02-03,399992,365196.61211947846,365196.61211947846,34795.387880521535
1557,1,2023-02-04,404509,369882.17296492605,369882.17296492605,34626.82703507395
1557,1,2023-02-05,408863,374318.4181495297,374318.4181495297,34544.58185047028
1557,1,2023-02-06,412507,378405.6577564767,378405.6577564767,34101.34224352328
1557,1,2023-02-07,416339,381934.95026743686,381934.95026743686,34404.049732563144
1557,1,2023-02-08,420389,385714.52415301336,385714.52415301336,34674.475846986636
1557,1,2023-02-09,424664,389495.7227059971,389495.7227059971,35168.27729400288
1557,1,2023-02-10,429187,393517.45404894,393517.45404894,35669.54595105996
1557,1,2023-02-11,433462,398116.9750323696,398116.9750323696,35345.024967630394
1557,1,2023-02-12,437457,402076.7462170081,402076.7462170081,35380.2537829919
1557,1,2023-02-13,440901,405936.6614627302,405936.6614627302,34964.338537269796
1557,1,2023-02-14,444088,409116.5187066378,409116.5187066378,34971.481293362216
1557,1,2023-02-15,447701,412334.12568409496,412334.12568409496,35366.874315905035
1557,1,2023-02-16,451314,416017.7355737824,416017.7355737824,35296.26442621759
1557,1,2023-02-17,454691,419507.82147424616,419507.82147424616,35183.17852575384
1557,1,2023-02-18,457940,422600.62126764073,422600.62126764073,35339.37873235927
1557,1,2023-02-19,460937,425844.85189962114,425844.85189962114,35092.148100378865
1557,1,2023-02-20,464011,428839.6552464176,428839.6552464176,35171.34475358244
1557,1,2023-02-21,466921,431666.821160788,431666.821160788,35254.17883921199
1557,1,2023-02-22,468939,434518.3686024884,434518.3686024884,34420.63139751158
1557,1,2023-02-23,470956,436882.4657621711,436882.4657621711,34073.53423782892
1557,1,2023-02-24,472974,438962.2355201921,438962.2355201921,34011.76447980793
1557,1,2023-02-25,474991,441125.2815338974,441125.2815338974,33865.71846610261
1557,1,2023-02-26,477009,443178.1614063473,443178.1614063473,33830.838593652705
1557,1,2023-02-27,479026,445094.00824417995,445094.00824417995,33931.991755820054
1557,1,2023-02-28,481044,447023.1634358225,447023.1634358225,34020.83656417747
1557,1,2023-03-01,483061,449228.3411389732,449228.3411389732,33832.65886102681
1557,1,2023-03-02,485079,451350.40860306646,451350.40860306646,33728.59139693354
1557,1,2023-03-03,487096,453431.9715570209,453431.9715570209,33664.02844297909
1557,1,2023-03-04,489114,455778.3493898115,455778.3493898115,33335.65061018849
1557,1,2023-03-05,491131,457768.9330235969,457768.9330235969,33362.06697640312
1557,1,2023-03-06,493149,459846.43777399254,459846.43777399254,33302.56222600746
1557,1,2023-03-07,495166,461777.4811659341,461777.4811659341,33388.51883406588
1557,1,2023-03-08,497184,463828.3493664129,463828.3493664129,33355.65063358715
1557,1,2023-03-09,499201,466087.7391573359,466087.7391573359,33113.26084266405
1557,1,2023-03-10,501219,468182.882903448,468182.882903448,33036.11709655204
1557,1,2023-03-11,503236,470248.63473390497,470248.63473390497,32987.36526609503
1557,1,2023-03-12,505254,472492.8483257217,472492.8483257217,32761.151674278313
1557,1,2023-03-13,507271,474627.7359509807,474627.7359509807,32643.264049019315
1557,1,2023-03-14,509289,476501.4544767118,476501.4544767118,32787.545523288194
1557,1,2023-03-15,511306,478631.5347014303,478631.5347014303,32674.465298569703
1557,1,2023-03-16,513324,480843.3745169433,480843.3745169433,32480.625483056705
1557,1,2023-03-17,515341,482589.1283642772,482589.1283642772,32751.87163572281
1557,1,2023-03-18,517359,484945.5422482699,484945.5422482699,32413.45775173005
1557,1,2023-03-19,519376,487000.9505822176,487000.9505822176,32375.0494177824
1557,1,2023-03-20,521394,489058.2982808841,489058.2982808841,32335.70171911595
1557,1,2023-03-21,523411,491259.3211315316,491259.3211315316,32151.678868468385
1557,1,2023-03-22,525429,493298.1933708594,493298.1933708594,32130.80662914063
1557,1,2023-03-23,527446,495363.3294670385,495363.3294670385,32082.67053296155
1557,1,2023-03-24,529464,497705.21650752047,497705.21650752047,31758.78349247953
1557,1,2023-03-25,531481,499866.1155134882,499866.1155134882,31614.884486511815
1557,1,2023-03-26,533499,501518.6675063436,501518.6675063436,31980.332493656373
1557,1,2023-03-27,535516,503680.3143802767,503680.3143802767,31835.685619723285
1557,1,2023-03-28,537534,505855.62201493216,505855.62201493216,31678.37798506784
1557,1,2023-03-29,539551,507913.1085879047,507913.1085879047,31637.891412095283
1557,1,2023-03-30,541569,510079.7110735158,510079.7110735158,31489.28892648418
1557,1,2023-03-31,543586,512120.33271102025,512120.33271102025,31465.66728897975
1557,1,2023-04-01,545604,514065.9047193919,514065.9047193919,31538.09528060805
1557,1,2023-04-02,547621,516244.9132786,516244.9132786,31376.086721399977
1557,1,2023-04-03,549639,518435.34703899897,518435.34703899897,31203.652961001033
1557,1,2023-04-04,551656,520333.9699006436,520333.9699006436,31322.030099356372
1557,1,2023-04-05,553674,522622.8179989755,522622.8179989755,31051.182001024485
1557,1,2023-04-06,555691,524691.7345474319,524691.7345474319,30999.26545256807
1557,1,2023-04-07,557709,526535.3876896794,526535.3876896794,31173.612310320605
1557,1,2023-04-08,559726,528730.3965371039,528730.3965371039,30995.603462896077
1557,1,2023-04-09,561744,530912.0276722312,530912.0276722312,30831.972327768803
1557,1,2023-04-10,563761,532976.2749825828,532976.2749825828,30784.725017417222
1557,1,2023-04-11,565779,535048.8790785283,535048.8790785283,30730.12092147174
1569,1,2023-01-01,111717,112678.23465615156,112678.23465615156,-961.2346561515589
1569,1,2023-01-02,122606,113896.08614712436,113896.08614712436,8709.913852875645
1569,1,2023-01-03,141738,113896.08614712436,113896.08614712436,27841.913852875645
1569,1,2023-01-04,141738,113896.08614712436,113896.08614712436,27841.913852875645
1569,1,2023-01-05,152014,115078.67622876487,115078.67622876487,36935.323771235126
1569,1,2023-01-06,161795,115078.67622876487,115078.67622876487,46716.323771235126
1569,1,2023-01-07,171097,115078.67622876487,115078.67622876487,56018.323771235126
1569,1,2023-01-08,179802,115078.67622876487,115078.67622876487,64723.323771235126
1569,1,2023-01-09,187661,119801.89409557336,119801.89409557336,67859.10590442663
1569,1,2023-01-10,194594,132512.61443462677,132512.61443462677,62081.38556537323
1569,1,2023-01-11,209647,134740.64368243946,134740.64368243946,74906.35631756054
1569,1,2023-01-12,209647,136978.42179761655,136978.42179761655,72668.57820238345
1569,1,2023-01-13,216933,145955.9350740218,145955.9350740218,70977.0649259782
1569,1,2023-01-14,224059,152169.6563542597,152169.6563542597,71889.3436457403
1569,1,2023-01-15,230631,157767.41611944168,157767.41611944168,72863.58388055832
1569,1,2023-01-16,236368,163367.48941147144,163367.48941147144,73000.51058852856
1569,1,2023-01-17,241791,172998.89964723343,172998.89964723343,68792.10035276657
1569,1,2023-01-18,247845,179606.7452909982,179606.7452909982,68238.2547090018
1569,1,2023-01-19,254116,183207.16167126916,183207.16167126916,70908.83832873084
1569,1,2023-01-20,260616,188595.67048015105,188595.67048015105,72020.32951984898
1569,1,2023-01-21,266460,194417.60705730095,194417.60705730095,72042.39294269905
1569,1,2023-01-22,272086,199869.20037976693,199869.20037976693,72216.79962023307
1569,1,2023-01-23,277090,204920.23705219617,204920.23705219617,72169.76294780383
1569,1,2023-01-24,281439,212489.5461218612,212489.5461218612,68949.4538781388
1569,1,2023-01-25,286139,218343.63529463095,218343.63529463095,67795.36470536905
1569,1,2023-01-26,290881,222425.38934822433,222425.38934822433,68455.61065177567
1569,1,2023-01-27,295790,227747.98755560428,227747.98755560428,68042.01244439572
1569,1,2023-01-28,300724,233174.8230361723,233174.8230361723,67549.17696382769
1569,1,2023-01-29,305657,238132.2345924269,238132.2345924269,67524.76540757314
1569,1,2023-01-30,310184,242707.67244595912,242707.67244595912,67476.32755404088
1569,1,2023-01-31,314491,248807.01034954248,248807.01034954248,65683.98965045754
1569,1,2023-02-01,319406,253704.80730615417,253704.80730615417,65701.19269384586
1569,1,2023-02-02,324086,257312.549900111,257312.549900111,66773.45009988899
1569,1,2023-02-03,328691,261845.27602907064,261845.27602907064,66845.72397092936
1569,1,2023-02-04,332993,266561.04405676806,266561.04405676806,66431.95594323194
1569,1,2023-02-05,337240,271073.04920023563,271073.04920023563,66166.95079976437
1569,1,2023-02-06,341012,275227.33200784255,275227.33200784255,65784.66799215745
1569,1,2023-02-07,344831,280436.3796411335,280436.3796411335,64394.62035886652
1569,1,2023-02-08,348802,284862.5972005273,284862.5972005273,63939.40279947268
1569,1,2023-02-09,352744,288337.9906599268,288337.9906599268,64406.009340073215
1569,1,2023-02-10,356532,292516.86389563675,292516.86389563675,64015.13610436325
1569,1,2023-02-11,360402,296799.2671945577,296799.2671945577,63602.7328054423
1569,1,2023-02-12,364223,300794.9985778604,300794.9985778604,63428.00142213958
1569,1,2023-02-13,367550,304474.54405390203,304474.54405390203,63075.455946097965
1569,1,2023-02-14,370683,308925.0759583966,308925.0759583966,61757.9240416034
1569,1,2023-02-15,374185,312911.0711261658,312911.0711261658,61273.9288738342
1569,1,2023-02-16,377631,316261.9981997115,316261.9981997115,61369.001800288504
1569,1,2023-02-17,381051,320050.64079084026,320050.64079084026,61000.35920915974
1569,1,2023-02-18,384441,323881.3665945382,323881.3665945382,60559.63340546179
1569,1,2023-02-19,387728,327512.61481046805,327512.61481046805,60215.38518953195
1569,1,2023-02-20,390988,330869.50115324825,330869.50115324825,60118.498846751754
1569,1,2023-02-21,393835,334681.8740895301,334681.8740895301,59153.12591046991
1569,1,2023-02-22,396888,338181.29524101235,338181.29524101235,58706.704758987646
1569,1,2023-02-23,399998,341227.1210090105,341227.1210090105,58770.87899098953
1569,1,2023-02-24,403285,344536.797200861,344536.797200861,58748.20279913902
1569,1,2023-02-25,406391,347868.27435480437,347868.27435480437,58522.725645195635
1569,1,2023-02-26,409364,351089.26163580373,351089.26163580373,58274.738364196266
1569,1,2023-02-27,411982,354101.9768574938,354101.9768574938,57880.023142506194
1569,1,2023-02-28,414499,357544.16245288914,357544.16245288914,56954.83754711086
1569,1,2023-03-01,417225,360742.99601360253,360742.99601360253,56482.00398639747
1569,1,2023-03-02,420142,363572.30711873353,363572.30711873353,56569.69288126647
1569,1,2023-03-03,423120,366597.19717932225,366597.19717932225,56522.80282067775
1569,1,2023-03-04,426052,369620.1014969077,369620.1014969077,56431.89850309235
1569,1,2023-03-05,429204,372527.7397228539,372527.7397228539,56676.26027714613
1569,1,2023-03-06,432012,375145.4673841817,375145.4673841817,56866.53261581832
1569,1,2023-03-07,434724,377964.78126878926,377964.78126878926,56759.21873121074
1569,1,2023-03-08,437739,380645.0381121638,380645.0381121638,57093.96188783622
1569,1,2023-03-09,440777,383087.4819530215,383087.4819530215,57689.51804697851
1569,1,2023-03-10,443654,385733.1757914623,385733.1757914623,57920.8242085377
1569,1,2023-03-11,446445,388422.5610988527,388422.5610988527,58022.43890114728
1569,1,2023-03-12,449141,391063.7940399051,391063.7940399051,58077.20596009493
1569,1,2023-03-13,451588,393553.1250643979,393553.1250643979,58034.87493560213
1569,1,2023-03-14,453838,396166.8264760134,396166.8264760134,57671.17352398659
1569,1,2023-03-15,456273,398463.5994184812,398463.5994184812,57809.40058151883
1569,1,2023-03-16,458783,400582.5378169365,400582.5378169365,58200.4621830635
1569,1,2023-03-17,461321,403064.10681997647,403064.10681997647,58256.89318002353
1569,1,2023-03-18,463807,405308.1294243752,405308.1294243752,58498.87057562481
1569,1,2023-03-19,466255,407391.9804573753,407391.9804573753,58863.01954262471
1569,1,2023-03-20,468408,409329.1113034167,409329.1113034167,59078.88869658328
1569,1,2023-03-21,470550,411435.5761250876,411435.5761250876,59114.423874912376
1569,1,2023-03-22,472929,413599.1061371722,413599.1061371722,59329.8938628278
1569,1,2023-03-23,475389,415614.3087745426,415614.3087745426,59774.69122545741
1569,1,2023-03-24,477819,417592.17882804753,417592.17882804753,60226.82117195247
1569,1,2023-03-25,480198,419633.0840254791,419633.0840254791,60564.915974520845
1569,1,2023-03-26,482549,421633.5862001108,421633.5862001108,60915.41379988921
1569,1,2023-03-27,484706,423462.68491597293,423462.68491597293,61243.31508402707
1569,1,2023-03-28,486962,425399.03448722046,425399.03448722046,61562.96551277954
1569,1,2023-03-29,489217,427309.7436679512,427309.7436679512,61907.2563320488
1569,1,2023-03-30,491613,429181.4093132034,429181.4093132034,62431.59068679658
1569,1,2023-03-31,493942,431086.9581352464,431086.9581352464,62855.04186475364
1569,1,2023-04-01,496239,432644.6990882791,432644.6990882791,63594.3009117209
1569,1,2023-04-02,498448,434333.1929259611,434333.1929259611,64114.80707403883
1569,1,2023-04-03,500404,436050.2786064117,436050.2786064117,64353.72139358829
1569,1,2023-04-04,502314,437648.10860244546,437648.10860244546,64665.891397554544
1569,1,2023-04-05,504366,439175.6651568761,439175.6651568761,65190.334843123914
1569,1,2023-04-06,506414,440684.7369013222,440684.7369013222,65729.2630986778
1569,1,2023-04-07,508471,442305.24967419024,442305.24967419024,66165.75032580976
1569,1,2023-04-08,510569,443957.0356038215,443957.0356038215,66611.96439617849
1569,1,2023-04-09,512474,445546.02390593535,445546.02390593535,66927.97609406465
1569,1,2023-04-10,514466,446953.3349451922,446953.3349451922,67512.66505480779
1939,1,2023-01-17,196976,68927.1792948097,68927.1792948097,128048.8207051903
1939,1,2023-01-18,196976,102041.27027646393,102041.27027646393,94934.72972353607
1939,1,2023-01-19,470413,105702.55005220436,105702.55005220436,364710.4499477956
1939,1,2023-01-20,560514,150373.42941301817,150373.42941301817,410140.57058698183
1939,1,2023-01-21,560514,167615.8987843957,167615.8987843957,392898.10121560434
1939,1,2023-01-22,690297,168871.74913441867,168871.74913441867,521425.2508655813
1939,1,2023-01-23,690297,191444.7891461642,191444.7891461642,498852.2108538358
1939,1,2023-01-24,738326,216449.68249563055,216449.68249563055,521876.3175043694
1939,1,2023-01-25,828831,223717.82140003607,223717.82140003607,605113.1785999639
1939,1,2023-01-26,868320,270235.9948787809,270235.9948787809,598084.0051212191
1939,1,2023-01-27,905595,285064.8654759923,285064.8654759923,620530.1345240077
1939,1,2023-01-28,923034,292538.47535340255,292538.47535340255,630495.5246465974
1939,1,2023-01-29,940472,310752.39787842025,310752.39787842025,629719.6021215797
1939,1,2023-01-30,970719,314763.0046915039,314763.0046915039,655955.995308496
1939,1,2023-01-31,998971,343085.5788252328,343085.5788252328,655885.4211747672
1939,1,2023-02-01,1029569,357335.9169854353,357335.9169854353,672233.0830145647
1939,1,2023-02-02,1058506,389585.2660947807,389585.2660947807,668920.7339052192
1939,1,2023-02-03,1086929,404427.95982505893,404427.95982505893,682501.0401749411
1939,1,2023-02-04,1114306,412363.0609515629,412363.0609515629,701942.9390484372
1939,1,2023-02-05,1140164,430308.726547928,430308.726547928,709855.2734520719
1939,1,2023-02-06,1185566,438921.75472564064,438921.75472564064,746644.2452743594
1939,1,2023-02-07,1185566,466037.07872494333,466037.07872494333,719528.9212750567
1939,1,2023-02-08,1209098,477175.99944616173,477175.99944616173,731922.0005538382
1939,1,2023-02-09,1231991,503461.18491707457,503461.18491707457,728529.8150829254
1939,1,2023-02-10,1254439,518292.30492358224,518292.30492358224,736146.6950764178
1939,1,2023-02-11,1274896,527526.3283724742,527526.3283724742,747369.6716275258
1939,1,2023-02-12,1293715,543699.3936818836,543699.3936818836,750015.6063181164
1939,1,2023-02-13,1325893,555212.9811298937,555212.9811298937,770680.0188701063
1939,1,2023-02-14,1325893,574637.4020060528,574637.4020060528,751255.5979939472
1939,1,2023-02-15,1342336,585998.7462383328,585998.7462383328,756337.2537616672
1939,1,2023-02-16,1357865,608549.5268692176,608549.5268692176,749315.4731307824
1939,1,2023-02-17,1373415,621962.7023855731,621962.7023855731,751452.2976144269
1939,1,2023-02-18,1389089,631382.012545469,631382.012545469,757706.987454531
1939,1,2023-02-19,1403876,645774.0561440124,645774.0561440124,758101.9438559876
1939,1,2023-02-20,1417430,658375.7842257151,658375.7842257151,759054.2157742849
1939,1,2023-02-21,1443577,671651.2074210007,671651.2074210007,771925.7925789993
1939,1,2023-02-22,1443577,685989.5763602372,685989.5763602372,757587.4236397628
1939,1,2023-02-23,1471451,702639.4806781574,702639.4806781574,768811.5193218426
1939,1,2023-02-24,1471451,716765.1017391707,716765.1017391707,754685.8982608293
1939,1,2023-02-25,1484964,724305.0374299937,724305.0374299937,760658.9625700063
1939,1,2023-02-26,1510377,737119.7018869177,737119.7018869177,773257.2981130823
1939,1,2023-02-27,1522548,750336.8229062468,750336.8229062468,772211.1770937532
1939,1,2023-02-28,1535922,763829.3021634293,763829.3021634293,772092.6978365707
1939,1,2023-03-01,1548789,774044.3384356971,774044.3384356971,774744.6615643029
1939,1,2023-03-02,1561567,791778.958425005,791778.958425005,769788.041574995
1939,1,2023-03-03,1573744,801490.7017764541,801490.7017764541,772253.2982235459
1939,1,2023-03-04,1585240,810990.4188711045,810990.4188711045,774249.5811288955
1939,1,2023-03-05,1595950,824045.6331265487,824045.6331265487,771904.3668734513
1939,1,2023-03-06,1606179,834401.876114497,834401.876114497,771777.123885503
1939,1,2023-03-07,1606179,845928.4282319256,845928.4282319256,760250.5717680744
1939,1,2023-03-08,1628240,853748.3135029597,853748.3135029597,774491.6864970403
1939,1,2023-03-09,1639198,870510.3274057867,870510.3274057867,768687.6725942133
1939,1,2023-03-10,1649992,879682.1043254738,879682.1043254738,770309.8956745262
1939,1,2023-03-11,1660212,888606.6414488151,888606.6414488151,771605.3585511849
1939,1,2023-03-12,1669409,900020.8426814444,900020.8426814444,769388.1573185556
1939,1,2023-03-13,1678881,909496.1099537964,909496.1099537964,769384.8900462035
1939,1,2023-03-14,1688896,918800.239127487,918800.239127487,770095.760872513
1939,1,2023-03-15,1699030,927363.9560523926,927363.9560523926,771666.0439476074
1939,1,2023-03-16,1709146,939184.6854955894,939184.6854955894,769961.3145044106
1939,1,2023-03-17,1719025,948229.0136611974,948229.0136611974,770795.9863388026
1939,1,2023-03-18,1728563,955093.0421218808,955093.0421218808,773469.9578781193
1939,1,2023-03-19,1737311,963810.4221758991,963810.4221758991,773500.5778241009
1939,1,2023-03-20,1745972,971266.5914856663,971266.5914856663,774705.4085143337
1939,1,2023-03-21,1745972,978998.4243602375,978998.4243602375,766973.5756397623
1939,1,2023-03-22,1755133,986544.9887791652,986544.9887791652,768588.0112208347
1939,1,2023-03-23,1773101,996942.0124274062,996942.0124274062,776158.9875725938
1939,1,2023-03-24,1773101,1005078.0440592108,1005078.0440592108,768022.9559407893
1939,1,2023-03-25,1781898,1011064.4535764589,1011064.4535764589,770833.5464235411
1939,1,2023-03-26,1790310,1019233.021857547,1019233.021857547,771076.978142453
1939,1,2023-03-27,1797973,1026468.5115729362,1026468.5115729362,771504.4884270638
1939,1,2023-03-28,1805665,1032913.164629456,1032913.164629456,772751.8353705439
1939,1,2023-03-29,1814047,1040891.8891101956,1040891.8891101956,773155.1108898043
1939,1,2023-03-30,1822462,1050960.9285377543,1050960.9285377543,771501.0714622457
1939,1,2023-03-31,1831015,1056891.6311356442,1056891.6311356442,774123.3688643558
1939,1,2023-04-01,1839182,1061764.404140272,1061764.404140272,777417.595859728
1939,1,2023-04-02,1854089,1069307.418956024,1069307.418956024,784781.5810439761
1939,1,2023-04-03,1860832,1077225.5281514006,1077225.5281514006,783606.4718485994
1939,1,2023-04-04,1868501,1081831.2222130576,1081831.2222130576,786669.7777869424
1939,1,2023-04-05,1868501,1087909.981798595,1087909.981798595,780591.018201405
1939,1,2023-04-06,1884691,1094542.938862892,1094542.938862892,790148.0611371081
1939,1,2023-04-07,1884691,1100818.789017912,1100818.789017912,783872.210982088
1939,1,2023-04-08,1892570,1105591.313164075,1105591.313164075,786978.6868359251
1939,1,2023-04-09,1899655,1112667.7011162578,1112667.7011162578,786987.2988837422
1939,1,2023-04-10,1907002,1117574.1022322297,1117574.1022322297,789427.8977677703
1939,1,2023-04-11,1913966,1122778.8776486444,1122778.8776486444,791187.1223513556
1939,1,2023-04-12,1921366,1128060.460454185,1128060.460454185,793305.539545815
1939,1,2023-04-13,1928826,1136362.0710769077,1136362.0710769077,792463.9289230923
1939,1,2023-04-14,1937100,1140312.23089684,1140312.23089684,796787.7691031601
1939,1,2023-04-15,1945475,1146346.07519363,1146346.07519363,799128.9248063699
1939,1,2023-04-16,1953194,1152824.5207141675,1152824.5207141675,800369.4792858325
1939,1,2023-04-17,1960323,1158294.630254225,1158294.630254225,802028.3697457749
1939,1,2023-04-18,1967194,1163992.1929757225,1163992.1929757225,803201.8070242775
1939,1,2023-04-19,1974276,1169389.248372201,1169389.248372201,804886.7516277987
1939,1,2023-04-20,1988276,1176715.3969373356,1176715.3969373356,811560.6030626644
1939,1,2023-04-21,1988276,1183610.377826212,1183610.377826212,804665.622173788
1939,1,2023-04-22,1995196,1188484.0495344608,1188484.0495344608,806711.9504655392
1939,1,2023-04-23,2001915,1194811.6665052725,1194811.6665052725,807103.3334947275
1939,1,2023-04-24,2008082,1200492.0603862037,1200492.0603862037,807589.9396137963
1939,1,2023-04-25,2014112,1205354.883799208,1205354.883799208,808757.1162007919
1939,1,2023-04-26,2020754,1211908.9798477318,1211908.9798477318,808845.0201522682
